imdq,pcApr19Apr20
1,38.130001
2,48.939999
3,50.669998
4,57.93
5,58.120998
